{"cameraMode":{"drawMode":0,"name":"Shaded","section":"Shading Mode"},"sceneLighting":true,"audioPlay":false,"sceneViewState":{"showFog":true,"showMaterialUpdate":false,"showSkybox":true,"showFlares":true,"showImageEffects":true,"showParticleSystems":true},"in2DMode":false,"pivot":{"x":2.4474310874938967,"y":4.488462448120117,"z":-0.5347232818603516},"rotation":{"x":0.005979345645755529,"y":-0.9936731457710266,"z":-0.05986594408750534,"w":-0.09658303111791611},"size":0.05277895927429199,"orthographic":false}